Title,URL,Visit Count,Last Visit Time
How to Be Happy: 27 Habits to Help You Live a Happier Life,https://www.healthline.com/health/how-to-be-happy#daily-habits,1,13352114907299178
How to Be Happy: 27 Habits to Help You Live a Happier Life,https://www.healthline.com/health/how-to-be-happy,1,13352114904124668
self help happy at DuckDuckGo,https://duckduckgo.com/?q=+self+help+happy&atb=v374-1&ia=web,2,13352114903763882
self help happy at DuckDuckGo,https://duckduckgo.com/?q=+self+help+happy&atb=v374-1,3,13352114897720962
self help at DuckDuckGo,https://duckduckgo.com/?q=self+help&atb=v374-1&ia=web,2,13352114882245168
self help at DuckDuckGo,https://duckduckgo.com/?q=self+help&atb=v374-1,2,13352114879615396
self help at DuckDuckGo,https://duckduckgo.com/?q=self+help,1,13352114879511537
I want to kill myself | Samaritans,https://www.samaritans.org/how-we-can-help/if-youre-having-difficult-time/i-want-kill-myself/,1,13352114866137678
how to kill at DuckDuckGo,https://duckduckgo.com/?q=how+to+kill&atb=v374-1&ia=web,2,13352114865382771
how to kill at DuckDuckGo,https://duckduckgo.com/?q=how+to+kill&atb=v374-1,3,13352114858803223
how to kill at DuckDuckGo,https://duckduckgo.com/?q=how+to+kill,1,13352114857545230
comp.sci,https://edurev.in/studytube/Chapter-2-OBJECT-ORIENTED-PROGRAMMING-CONCEPTS---C/d730d3b9-1f77-443f-a2d7-05e8e04ae8c8_t,0,0
Sathyabama ERP,https://erp.sathyabama.ac.in/,0,0
FMovies | Watch Movies Online Free on FMovies.to,https://fmovies.wtf/,0,0
music,https://gaana.com/album/hip-hop-hit-list-vol-3,0,0
sathyabama-2024- Engg - Google Groups,https://groups.google.com/g/sathyabama-pc-2024,0,0
Facebook Lite APK for Android,https://m.facebook.com/lite/?loc_ref=unified_upsell&referrer_params%5Bapp_growth_upsell_id%5D=938606562977614&referrer_params%5Bapp_growth_impression_id%5D=037720da-bd68-39db-5549-816ea6de7d8f&referrer_params%5Bidentity_graph_device_identifier%5D=QxjfWr2YJ2sEQCcGfJZRQ5Ui&referrer_params%5Butm_campaign%5D=lite_sticky_banner_new&referrer_params%5Butm_source%5D=app_growth_qp,0,0
Sathyabama Placement,https://placement.sathyabama.ac.in/,0,0
Dashboard,https://sathyabama.cognibot.in/my/,0,0
Watch Narcos HD free,https://watchseriesstream.com/tv/watch-narcos-full-online-39337,0,0
Bolly2Tolly.net | Watch Latest HD Movies Online Free,https://www.bolly2tolly.help/,0,0
Store Locator,https://www.jio.com/Jio/portal/storeLocator?_afrLoop=11963680216598614&_afrWindowMode=0&_afrWindowId=null#!%40%40%3F_afrWindowId%3Dnull%26_afrLoop%3D11963680216598614%26_afrWindowMode%3D0%26_adf.ctrl-state%3Dexpdezrh7_4,0,0
I sell my iPhone SE 16GB - Mobile Phones - 1549244272,https://www.olx.in/item/i-sell-my-iphone-se-16gb-iid-1549244272,0,0
(8) YouTube,https://www.youtube.com/,0,0
(17) PUBG: Funny & WTF Moments Ep. 234 - YouTube,https://www.youtube.com/watch?v=mb5hZgFFn6Y,0,0
